scientific	common	links	image	url	thumbnail	order	family	type
Lygaeus kalmii	Small Milkweed Bug	lygaeus-kalmii	images/mojave-insects/lygaeus-kalmii.jpg	mojave-insects/lygaeus-kalmii.html	images/mojave-insects-thumbnails/lygaeus-kalmii-t.jpg	Hemiptera (True Bugs)	Lygaeidae (Seed Bugs)	Bug
Synchlora frondaria	Southern Emerald	synchlora-frondaria	images/mojave-insects/synchlora-frondaria.jpg	mojave-insects/synchlora-frondaria.html	images/mojave-insects-thumbnails/synchlora-frondaria-t.jpg	Lepidoptera (Butterflies and Moths)	Geometridae (Inchworms)	Moth
Heliopetes ericetorum	Northern White-skipper	heliopetes-ericetorum	images/mojave-insects/heliopetes-ericetorum.jpg	mojave-insects/heliopetes-ericetorum.html	images/mojave-insects-thumbnails/heliopetes-ericetorum-t.jpg	Lepidoptera (Butterflies)	Hesperiidae (Skipper)	Butterfly
Diceroprocta apache	Apache cicada	diceroprocta-apache	images/mojave-insects/diceroprocta-apache.jpg	mojave-insects/diceroprocta-apache.html	images/mojave-insects-thumbnails/diceroprocta-apache-t.jpg	Hemiptera (True Bugs)	Cicadidae (Cicadas)	Cicada
Burnsius albezens	White Checkered-skipper	burnsius-albezens	images/mojave-insects/burnsius-albezens.jpg	mojave-insects/burnsius-albezens.html	images/mojave-insects-thumbnails/burnsius-albezens-t.jpg	Lepidoptera (Butterflies)	Hesperiidae (Skipper)	Butterfly
Sarcophaga bullata	Gray Flesh Fly	sarcophaga-bullata	images/mojave-insects/sarcophaga-bullata.jpg	mojave-insects/sarcophaga-bullata.html	images/mojave-insects-thumbnails/sarcophaga-bullata-t.jpg	Diptera (Flies)	Sarcophagidae (Flesh Flies)	Fly
Tramea lacerata	Black Saddlebags	tramea-lacerata	images/mojave-insects/tramea-lacerata.jpg	mojave-insects/tramea-lacerata.html	images/mojave-insects-thumbnails/tramea-lacerata-t.jpg	Odonata (Preditory Flying Insects)	Libellulidae (Skimmers)	Dragonfly
Bombus huntii	Hunt's Bumble Bee	bombus-huntii	images/mojave-insects/bombus-huntii.jpg	mojave-insects/bombus-huntii.html	images/mojave-insects-thumbnails/bombus-huntii-t.jpg	Hymenoptera (Bee)	Apidae (Bee)	Bee
Pachydiplax longipennis	Blue Dasher	pachydiplax-longipennis	images/mojave-insects/pachydiplax-longipennis.jpg	mojave-insects/pachydiplax-longipennis.html	images/mojave-insects-thumbnails/pachydiplax-longipennis-t.jpg	Odonata (Preditory Flying Insects)	Libellulidae (Skimmers)	Dragonfly
Bombus sonorus	Sonoran Bumble Bee	bombus-sonorus	images/mojave-insects/bombus-sonorus.jpg	mojave-insects/bombus-sonorus.html	images/mojave-insects-thumbnails/bombus-sonorus-t.jpg	Hymenoptera (Bee)	Apidae (Bee)	Bee
Dasymutilla satanas	Satan's Velvet Ant	dasymutilla-satanas	images/mojave-insects/dasymutilla-satanas.jpg	mojave-insects/dasymutilla-satanas.html	images/mojave-insects-thumbnails/dasymutilla-satanas-t.jpg	Satan's Velvet Ant	Mutillidae (Velvet Ants)	Wasp
Libellula luctuosa	Widow Skimmer	libellula-luctuosa	images/mojave-insects/libellula-luctuosa.jpg	mojave-insects/libellula-luctuosa.html	images/mojave-insects-thumbnails/libellula-luctuosa-t.jpg	Odonata (Predatory Flying Insects)	Libellulidae (Dragonflies)	Dragonfly
Nathalis iole	Dainty Sulphur	nathalis-iole	images/mojave-insects/nathalis-iole.jpg	mojave-insects/nathalis-iole.html	images/mojave-insects-thumbnails/nathalis-iole-t.jpg	Lepidopterans (Butterflies and Moths)	Pieridae (White and Sulfers)	Butterfly
Xylocopa sonorina	Valley Carpenter Bee	xylocopa-sonorina	images/mojave-insects/xylocopa-sonorina.jpg	mojave-insects/xylocopa-sonorina.html	images/mojave-insects-thumbnails/xylocopa-sonorina-t.jpg	"Hymenoptera (Bees, Wasps, Ants)"	Apidae (Bees)	Bee
Colias eurytheme	Orange Sulphur	colias-eurytheme	images/mojave-insects/colias-eurytheme.jpg	mojave-insects/colias-eurytheme.html	images/mojave-insects-thumbnails/colias-eurytheme-t.jpg	Lepidoptera (Butterflies and Moths)	Pieridae (Whites and Sulfers)	Butterfly
Chlosyne californica	California Patch	chlosyne-californica	images/mojave-insects/chlosyne-californica.jpg	mojave-insects/chlosyne-californica.html	images/mojave-insects-thumbnails/chlosyne-californica-t.jpg	Lepidoptera (Butterflies and Moths)	Chlosyne (Butterflies)	Butterfly
Chlorion aerarium	Steel-blue Cricket Hunter Wasp	chlorion-aerarium	images/mojave-insects/chlorion-aerarium.jpg	mojave-insects/chlorion-aerarium.html	images/mojave-insects-thumbnails/chlorion-aerarium-t.jpg	"Hymenoptera (Bees, Wasps, Ants)"	Sphecidae (Thread-waisted Wasps)	Wasp
Argia vivida	Vivid Dancer	argia-vivida	images/mojave-insects/argia-vivida.jpg	mojave-insects/argia-vivida.html	images/mojave-insects-thumbnails/argia-vivida-t.jpg	Odonata (Predatory Flying Insects)	Coenagrionidae (Damselflies)	Damselfly
Anax junius	Green Darner	anax-junius	images/mojave-insects/anax-junius.jpg	mojave-insects/anax-junius.html	images/mojave-insects-thumbnails/anax-junius-t.jpg	Odonata (Dragonflies and Damselflies)	"Aeshnidae (Aeshnids, Hawkers, or Darners)"	Dragonfly
Apodemia palmeri	Palmer's Metalmark	apodemia-palmeri	images/mojave-insects/apodemia-palmeri.jpg	mojave-insects/apodemia-palmeri.html	images/mojave-insects-thumbnails/apodemia-palmeri-t.jpg	Lepidoptera (Butterflies and Moths)	Riodinidae (Metalmark Butterflies)	Butterfly
Brachygastra mellifica	Mexican Honey Wasp	brachygastra-mellifica	images/mojave-insects/brachygastra-mellifica.jpg	mojave-insects/brachygastra-mellifica.html	images/mojave-insects-thumbnails/brachygastra-mellifica-t.jpg	"Hymenoptera (Wasps, Bees, Ants)"	Vespidae (Wasps)	Wasp
Danaus gilippus	Queen Butterfly	danaus-gilippus	images/mojave-insects/danaus-gilippus.jpg	mojave-insects/danaus-gilippus.html	images/mojave-insects-thumbnails/danaus-gilippus-t.jpg	Lepidoptera (Butterflies and Moths)	Nymphalidae (Brush-footed Butterflies)	Butterfly
Danaus plexippus	Monarch Butterfly	danaus-plexippus	images/mojave-insects/danaus-plexippus.jpg	mojave-insects/danaus-plexippus.html	images/mojave-insects-thumbnails/danaus-plexippus-t.jpg	Lepidoptera (Butterflies and Moths)	Nymphalidae (Brush-footed Butterflies)	Butterfly
Dielis tolteca	Toltec Scoliid Wasp	dielis-tolteca	images/mojave-insects/dielis-tolteca.jpg	mojave-insects/dielis-tolteca.html	images/mojave-insects-thumbnails/dielis-tolteca-t.jpg	"Hymenoptera (Wasps, Bees, and Ants)"	Scoliidae (Scoliid Wasps)	Wasp
Dione vanillae	Gulf Fritillary	dione-vanillae	images/mojave-insects/dione-vanillae.jpg	mojave-insects/dione-vanillae.html	images/mojave-insects-thumbnails/dione-vanillae-t.jpg	"Lepidoptera (Butterflies, and Moths)"	Nymphalidae (Brush-footed Butterflies)	Butterfly
Eurema nicippe	Sleepy Orange	eurema-nicippe	images/mojave-insects/eurema-nicippe.jpg	mojave-insects/eurema-nicippe.html	images/mojave-insects-thumbnails/eurema-nicippe-t.jpg	Lepidoptera (Butterflies and Moths)	Pieridae (Whites and Sulfers)	Butterfly
Leptotes marina	Marine Blue	leptotes-marina	images/mojave-insects/leptotes-marina.jpg	mojave-insects/leptotes-marina.html	images/mojave-insects-thumbnails/leptotes-marina-t.jpg	"Lepidoptera (Butterflies, and Moths)"	Lycaenidae (Gossamer-winged Butterflies)	Butterfly
Libellula pulchella	Twelve-spotted Skimmer	libellula-pulchella	images/mojave-insects/libellula-pulchella.jpg	mojave-insects/libellula-pulchella.html	images/mojave-insects-thumbnails/libellula-pulchella-t.jpg	Odonata (Dragonflies and Damselflies)	Libellulidae (Skimmers)	Dragonfly
Neoscona oaxacensis	Western Spotted Orbweaver	neoscona-oaxacensis	images/mojave-insects/neoscona-oaxacensis.jpg	mojave-insects/neoscona-oaxacensis.html	images/mojave-insects-thumbnails/neoscona-oaxacensis-t.jpg	Araneae (Spiders)	Araneidae (Orb-weaver Spiders)	Spider
Nymphalis antiopa	Mourning Cloak Butterfly	nymphalis-antiopa	images/mojave-insects/nymphalis-antiopa.jpg	mojave-insects/nymphalis-antiopa.html	images/mojave-insects-thumbnails/nymphalis-antiopa-t.jpg	Lepidoptera (Butterflies and Moths)	Nymphalidae (Brush-footed Butterflies)	Butterfly
Ochlodes yuma	Yuma Skipper	ochlodes-yuma	images/mojave-insects/ochlodes-yuma.jpg	mojave-insects/ochlodes-yuma.html	images/mojave-insects-thumbnails/ochlodes-yuma-t.jpg	Lepidoptera (Butterflies and Moths)	Hesperiidae (Skippers)	Skipper
Papilio machaon	Baird's Swallowtail	papilio-machaon	images/mojave-insects/papilio-machaon.jpg	mojave-insects/papilio-machaon.html	images/mojave-insects-thumbnails/papilio-machaon-t.jpg	Lepidoptera (Butterflies and Moths)	Papilionidae (Swallowtails)	Butterfly
Pepsis thisbe	Tarantula Hawk	pepsis-thisbe	images/mojave-insects/pepsis-thisbe.jpg	mojave-insects/pepsis-thisbe.html	images/mojave-insects-thumbnails/pepsis-thisbe-t.jpg	"Hymenoptera (Wasps, Bees, Ants)"	Pompilidae (Spider Wasp)	Wasp
Perithemis intensa	Mexican Amberwing	perithemis-intensa	images/mojave-insects/perithemis-intensa.jpg	mojave-insects/perithemis-intensa.html	images/mojave-insects-thumbnails/perithemis-intensa-t.jpg	"Odonata (Dragonflies, and Damselflies)"	Libellulidae (Skimmers)	Dragonfly
Sphecius convallis	Pacific Cicada Killer	sphecius-convallis	images/mojave-insects/sphecius-convallis.jpg	mojave-insects/sphecius-convallis.html	images/mojave-insects-thumbnails/sphecius-convallis-t.jpg	"Hymenoptera (Wasps, Bees, Ants)"	Bembicidae (Wasps)	Wasp
Strymon melinus	Gray Hairstreak	strymon-melinus	images/mojave-insects/strymon-melinus.jpg	mojave-insects/strymon-melinus.html	images/mojave-insects-thumbnails/strymon-melinus-t.jpg	Lepidoptera (Butterflies and Moths)	Lycaenidae (Gossamer-winged Butterflies)	Butterfly
Acmaeodera rubronotata	Jewel Beetle	acmaeodera-rubronotata	images/mojave-insects/acmaeodera-rubronotata.jpg	mojave-insects/acmaeodera-rubronotata.html	images/mojave-insects-thumbnails/acmaeodera-rubronotata-t.jpg	Coleoptera (Beetles)	Buprestidae (Metallic Wood-boring Beetles)	Beetle
Adelpha eulalia	Arizona Sister	adelpha-eulalia	images/mojave-insects/adelpha-eulalia.jpg	mojave-insects/adelpha-eulalia.html	images/mojave-insects-thumbnails/adelpha-eulalia-t.jpg	Lepidoptera (Butterflies and Moths)	Nymphalidae (Brush-footed Butterflies)	Butterfly
Allograpta exotica	Exotic Streaktail	allograpta-exotica	images/mojave-insects/allograpta-exotica.jpg	mojave-insects/allograpta-exotica.html	images/mojave-insects-thumbnails/allograpta-exotica-t.jpg	Diptera (Flies)	Syrphidae (Hoverflies)	Fly
Anthophora urbana	Urbane Digger Bee	anthophora-urbana	images/mojave-insects/anthophora-urbana.jpg	mojave-insects/anthophora-urbana.html	images/mojave-insects-thumbnails/anthophora-urbana-t.jpg	"Hymenoptera (Wasps, Bees and Ants)"	Apidae (Bees)	Bee
Callophrys spinetorum	Thicket Hairstreak	callophrys-spinetorum	images/mojave-insects/callophrys-spinetorum.jpg	mojave-insects/callophrys-spinetorum.html	images/mojave-insects-thumbnails/callophrys-spinetorum-t.jpg	Lepidoptera (Butterflies and Moths)	Lycaenidae (Gossamer-winged Butterflies)	Butterfly
Colias christina	Christina Sulphur	colias-christina	images/mojave-insects/colias-christina.jpg	mojave-insects/colias-christina.html	images/mojave-insects-thumbnails/colias-christina-t.jpg	Lepidoptera (Butterflies and Moths)	Nymphalidae (Brush-footed Butterflies)	Butterfly
Copestylum mexicanum	Mexican Cactus Fly	copestylum-mexicanum	images/mojave-insects/copestylum-mexicanum.jpg	mojave-insects/copestylum-mexicanum.html	images/mojave-insects-thumbnails/copestylum-mexicanum-t.jpg	Diptera (Flys)	Syrphidae (Hoverflies)	Fly
Eupeodes fumipennis	Western Aphideater	eupeodes-fumipennis	images/mojave-insects/eupeodes-fumipennis.jpg	mojave-insects/eupeodes-fumipennis.html	images/mojave-insects-thumbnails/eupeodes-fumipennis-t.jpg	Diptera (Flies)	Syrphidae (Hoverflies)	Fly
Junonia coenia	Common Buckeye	junonia-coenia	images/mojave-insects/junonia-coenia.jpg	mojave-insects/junonia-coenia.html	images/mojave-insects-thumbnails/junonia-coenia-t.jpg	Lepidoptera (Butterflies and Moths)	Nymphalidae (Brush-footed Butterflies)	Butterfly
Megachile texana	Texas Leafcutter Bee	megachile-texana	images/mojave-insects/megachile-texana.jpg	mojave-insects/megachile-texana.html	images/mojave-insects-thumbnails/megachile-texana-t.jpg	"Hymenoptera (Ants, Bees and Wasps)"	Megachilidae (Solitary Bees)	Bee
Palpada alhambra	Single-banded Plushback	palpada-alhambra	images/mojave-insects/palpada-alhambra.jpg	mojave-insects/palpada-alhambra.html	images/mojave-insects-thumbnails/palpada-alhambra-t.jpg	Diptera (Flies)	Syrphidae (Hoverflies)	Fly
Phormia regina	Black Blow Fly	phormia-regina	images/mojave-insects/phormia-regina.jpg	mojave-insects/phormia-regina.html	images/mojave-insects-thumbnails/phormia-regina-t.jpg	Diptera (Flies)	Calliphoridae (Blowflies)	Fly
Sphecodes ranunculi	Buttercup Blood Bee	sphecodes-ranunculi	images/mojave-insects/sphecodes-ranunculi.jpg	mojave-insects/sphecodes-ranunculi.html	images/mojave-insects-thumbnails/sphecodes-ranunculi-t.jpg	"Hymenoptera (Wasps, Bees and Ants)"	Halictidae (Sweat Bees)	Bee
Sphex ichneumoneus	Great Golden Digger Wasp	sphex-ichneumoneus	images/mojave-insects/sphex-ichneumoneus.jpg	mojave-insects/sphex-ichneumoneus.html	images/mojave-insects-thumbnails/sphex-ichneumoneus-t.jpg	"Hymenoptera (Wasps, Bees and Ants)"	Sphecidae (Wasps)	Wasp
Stelis laticincta	Wide-striped Painted-dark Bee	stelis-laticincta	images/mojave-insects/stelis-laticincta.jpg	mojave-insects/stelis-laticincta.html	images/mojave-insects-thumbnails/stelis-laticincta-t.jpg	Lepidoptera (Butterflies and Moths)	Nymphalidae (Brush-footed Butterflies)	Butterfly
Vanessa atalanta	Red Admiral	vanessa-atalanta	images/mojave-insects/vanessa-atalanta.jpg	mojave-insects/vanessa-atalanta.html	images/mojave-insects-thumbnails/vanessa-atalanta-t.jpg	Lepidoptera (Butterflies and Moths)	Nymphalidae (Brush-footed Butterflies)	Butterfly
Brephidium exilis	Western Pygmy Blue	brephidium-exilis	images/mojave-insects/brephidium-exilis.jpg	mojave-insects/brephidium-exilis.html	images/mojave-insects-thumbnails/brephidium-exilis-t.jpg	Lepidoptera (Butterflies and Moths)	Lycaenidae (Gossamer-winged Butterflies)	Butterfly
Chlosyne lacinia	Bordered Patch	chlosyne-lacinia	images/mojave-insects/chlosyne-lacinia.jpg	mojave-insects/chlosyne-lacinia.html	images/mojave-insects-thumbnails/chlosyne-lacinia-t.jpg	Lepidoptera (Butterflies and Moths)	Nymphalidae (Brush-footed Butterflies)	Butterfly
Chrysoperla comanche	Comanche Lacewing	chrysoperla-comanche	images/mojave-insects/chrysoperla-comanche.jpg	mojave-insects/chrysoperla-comanche.html	images/mojave-insects-thumbnails/chrysoperla-comanche-t.jpg	Neuroptera (Net-winged Insects)	Chrysopidae (Green lacewings)	Lacewing
Dielis pilipes	Hairy-footed Scoliid Wasp	dielis-pilipes	images/mojave-insects/dielis-pilipes.jpg	mojave-insects/dielis-pilipes.html	images/mojave-insects-thumbnails/dielis-pilipes-t.jpg	"Hymenoptera (Wasps, Bees and Ants)"	Scoliidae (Scolid Wasps)	Wasp
Ectemnius cephalotes	Large Ectemnius	ectemnius-cephalotes	images/mojave-insects/ectemnius-cephalotes.jpg	mojave-insects/ectemnius-cephalotes.html	images/mojave-insects-thumbnails/ectemnius-cephalotes-t.jpg	"Hymenoptera (Wasps, Bees and Ants)"	Crabronidae (Wasps)	Wasp
Hesperia colorado	Spring Mountains Comma Skipper	hesperia-colorado	images/mojave-insects/hesperia-colorado.jpg	mojave-insects/hesperia-colorado.html	images/mojave-insects-thumbnails/hesperia-colorado-t.jpg	Lepidoptera (Butterflies and Moths)	Hesperiidae (Skippers)	Skipper
Melanoplus differentialis	Differential Grasshopper	melanoplus-differentialis	images/mojave-insects/melanoplus-differentialis.jpg	mojave-insects/melanoplus-differentialis.html	images/mojave-insects-thumbnails/melanoplus-differentialis-t.jpg	"Orthoptera (Grasshoppers, Locusts, and Crickets)"	Acrididae (Grasshoppers)	Grasshopper
Nymphalis californica	California Tortoiseshell	nymphalis-californica	images/mojave-insects/nymphalis-californica.jpg	mojave-insects/nymphalis-californica.html	images/mojave-insects-thumbnails/nymphalis-californica-t.jpg	Lepidoptera (Butterflies and Moths)	Nymphalidae (Brush-footed Butterflies)	Butterfly
Phidippus californicus	California Jumping Spider	phidippus-californicus	images/mojave-insects/phidippus-californicus.jpg	mojave-insects/phidippus-californicus.html	images/mojave-insects-thumbnails/phidippus-californicus-t.jpg	Araneae (Spiders)	Salticidae (Jumping Spiders)	Spider
Poecilanthrax californicus	Bee Fly	poecilanthrax-californicus	images/mojave-insects/poecilanthrax-californicus.jpg	mojave-insects/poecilanthrax-californicus.html	images/mojave-insects-thumbnails/poecilanthrax-californicus-t.jpg	Diptera (Flies)	Bombyliidae (Bee Flies)	Fly
Pontia beckerii	Becker's White	pontia-beckerii	images/mojave-insects/pontia-beckerii.jpg	mojave-insects/pontia-beckerii.html	images/mojave-insects-thumbnails/pontia-beckerii-t.jpg	Lepidoptera (Butterflies and Moths)	Nymphalidae (Brush-footed Butterflies)	Butterfly
Xanthomelanodes arcuatus	Tachinid Fly	xanthomelanodes-arcuatus	images/mojave-insects/xanthomelanodes-arcuatus.jpg	mojave-insects/xanthomelanodes-arcuatus.html	images/mojave-insects-thumbnails/xanthomelanodes-arcuatus-t.jpg	Diptera (Flies)	Tachinidae (Tachinids)	Fly
Sphex pensylvanicus	Great Black Wasp	sphex-pensylvanicus	images/mojave-insects/sphex-pensylvanicus.jpg	mojave-insects/sphex-pensylvanicus.html	images/mojave-insects-thumbnails/sphex-pensylvanicus-t.jpg	"Hymenoptera (Wasps, Bees, Ants)"	Sphecidae (Wasps)	Wasp
Steniolia longirostra	Sand Wasp	steniolia-longirostra	images/mojave-insects/steniolia-longirostra.jpg	mojave-insects/steniolia-longirostra.html	images/mojave-insects-thumbnails/steniolia-longirostra-t.jpg	"Hymenoptera (Wasps, Bees and Ants)"	Bembicidae (Apoid Wasps)	Wasp
Agapostemon angelicus	Angelic Sweat Bee	agapostemon-angelicus	images/mojave-insects/agapostemon-angelicus.jpg	mojave-insects/agapostemon-angelicus.html	images/mojave-insects-thumbnails/agapostemon-angelicus-t.jpg	"Hymenoptera (Wasps, Bees and Ants)"	Halictidae (Sweat Bees)	Bee
Diadasia enavata	Sunflower Chimney Bee	diadasia-enavata	images/mojave-insects/diadasia-enavata.jpg	mojave-insects/diadasia-enavata.html	images/mojave-insects-thumbnails/diadasia-enavata-t.jpg	"Hymenoptera (Wasps, Bees and Ants)"	Apidae (Bees)	Bee
Efferia albibarbis	Sand Hammertail	efferia-albibarbis	images/mojave-insects/efferia-albibarbis.jpg	mojave-insects/efferia-albibarbis.html	images/mojave-insects-thumbnails/efferia-albibarbis-t.jpg	Diptera (Flies)	Asilidae (Robber Fly)	Fly
Euodynerus annulatus	Ringed Mason Wasp	euodynerus-annulatus	images/mojave-insects/euodynerus-annulatus.jpg	mojave-insects/euodynerus-annulatus.html	images/mojave-insects-thumbnails/euodynerus-annulatus-t.jpg	"Hymenoptera (Wasps, Bees and Ants)"	Vespidae (Social Wasps)	Wasp
Hetaerina americana	American Rubyspot	hetaerina-americana	images/mojave-insects/hetaerina-americana.jpg	mojave-insects/hetaerina-americana.html	images/mojave-insects-thumbnails/hetaerina-americana-t.jpg	Odonata (Dragonflies and Damselflies)	Calopterygidae (Broad-winged Damselflies)	Damselfly
Heterostylum robustum	Bomber Fly	heterostylum-robustum	images/mojave-insects/heterostylum-robustum.jpg	mojave-insects/heterostylum-robustum.html	images/mojave-insects-thumbnails/heterostylum-robustum-t.jpg	Diptera (Flies)	Bombyliidae (Bomber Flies)	Fly
Megachile lippiae	Lippia Leafcutter Bee	megachile-lippiae	images/mojave-insects/megachile-lippiae.jpg	mojave-insects/megachile-lippiae.html	images/mojave-insects-thumbnails/megachile-lippiae-t.jpg	"Hymenoptera (Wasps, Bees and Ants)"	Megachilidae (Leafcutter Bees)	Bee
Polistes aurifer	Golden Paper Wasp	polistes-aurifer	images/mojave-insects/polistes-aurifer.jpg	mojave-insects/polistes-aurifer.html	images/mojave-insects-thumbnails/polistes-aurifer-t.jpg	"Hymenoptera (Wasps, Bees and Ants)"	Vespidae (Social Wasps)	Wasp
Pontia protodice	Checkered White Butterfly	pontia-protodice	images/mojave-insects/pontia-protodice.jpg	mojave-insects/pontia-protodice.html	images/mojave-insects-thumbnails/pontia-protodice-t.jpg	Lepidoptera (Butterflies and Moths)	Nymphalidae (Brush-footed Butterflies)	Butterfly
Eristalis stipator	Yellow-shouldered Drone Fly	eristalis-stipator	images/mojave-insects/eristalis-stipator.jpg	mojave-insects/eristalis-stipator.html	images/mojave-insects-thumbnails/eristalis-stipator-t.jpg	Diptera (Flies)	Syrphidae (Hoverflies)	Fly
Erynnis funeralis	Funereal Duskywing	erynnis-funeralis	images/mojave-insects/erynnis-funeralis.jpg	mojave-insects/erynnis-funeralis.html	images/mojave-insects-thumbnails/erynnis-funeralis-t.jpg	Lepidoptera (Butterflies and Moths)	Nymphalidae (Brush-footed Butterflies)	Butterfly
Halictus ligatus	Ligated Furrow Bee	halictus-ligatus	images/mojave-insects/halictus-ligatus.jpg	mojave-insects/halictus-ligatus.html	images/mojave-insects-thumbnails/halictus-ligatus-t.jpg	"Hymenoptera (Wasps, Bees and Ants)"	Halictidae (Sweat Bees)	Bee
Hippodamia convergens	Convergent Lady Beetle	hippodamia-convergens	images/mojave-insects/hippodamia-convergens.jpg	mojave-insects/hippodamia-convergens.html	images/mojave-insects-thumbnails/hippodamia-convergens-t.jpg	Coleoptera (Beetles)	Coccinellidae (Ladybugs or Ladybirds)	Beetle
Hyles lineata	White-lined Sphinx	hyles-lineata	images/mojave-insects/hyles-lineata.jpg	mojave-insects/hyles-lineata.html	images/mojave-insects-thumbnails/hyles-lineata-t.jpg	Lepidoptera (Butterflies and Moths)	Nymphalidae (Brush-footed Butterflies)	Moth
Juriniopsis adusta	Bristly Flower Fly	juriniopsis-adusta	images/mojave-insects/juriniopsis-adusta.jpg	mojave-insects/juriniopsis-adusta.html	images/mojave-insects-thumbnails/juriniopsis-adusta-t.jpg	Diptera (Flies)	Tachinidae (Tachinid Flies)	Fly
Libellula saturata	Flame Skimmer	libellula-saturata	images/mojave-insects/libellula-saturata.jpg	mojave-insects/libellula-saturata.html	images/mojave-insects-thumbnails/libellula-saturata-t.jpg	Odonata (Dragonflies and Damselflies)	"Libellulidae (Chasers, Darters, Skimmers and Perchers)"	Dragonfly
Loxosceles deserta	Desert Recluse Spider	loxosceles-deserta	images/mojave-insects/loxosceles-deserta.jpg	mojave-insects/loxosceles-deserta.html	images/mojave-insects-thumbnails/loxosceles-deserta-t.jpg	Araneae (Spiders)	Sicariidae (Venomous Spiders)	Spider
Periplaneta lateralis	Turkestan Cockroach	periplaneta-lateralis	images/mojave-insects/periplaneta-lateralis.jpg	mojave-insects/periplaneta-lateralis.html	images/mojave-insects-thumbnails/periplaneta-lateralis-t.jpg	Blattodea (Cockroaches and Termites)	Blattidae (Cockroaches)	Cockroach
Adejeania vexatrix	Tachinid Fly	adejeania-vexatrix	images/mojave-insects/adejeania-vexatrix.jpg	mojave-insects/adejeania-vexatrix.html	images/mojave-insects-thumbnails/adejeania-vexatrix-t.jpg	Diptera (Flies)	Tachinidae (Tachinid Flies)	Fly
Brassicogethes aeneus	Common Pollen Beetle	brassicogethes-aeneus	images/mojave-insects/brassicogethes-aeneus.jpg	mojave-insects/brassicogethes-aeneus.html	images/mojave-insects-thumbnails/brassicogethes-aeneus-t.jpg	Coleoptera (Beetles)	Nitidulidae (Sap Beetles)	Beetle
Celastrina echo	Echo Azure	celastrina-echo	images/mojave-insects/celastrina-echo.jpg	mojave-insects/celastrina-echo.html	images/mojave-insects-thumbnails/celastrina-echo-t.jpg	Lepidoptera (Butterflies and Moths)	Lycaenidae (Gossamer-winged Butterflies)	Butterfly
Ischnomera excavata	False Blister Beetle	ischnomera-excavata	images/mojave-insects/ischnomera-excavata.jpg	mojave-insects/ischnomera-excavata.html	images/mojave-insects-thumbnails/ischnomera-excavata-t.jpg	Coleoptera (Beetles)	Oedemeridae (False Blister Beetles)	Beetle
Lasioglossum sisymbrii	Tansy Mustard Sweat Bee	lasioglossum-sisymbrii	images/mojave-insects/lasioglossum-sisymbrii.jpg	mojave-insects/lasioglossum-sisymbrii.html	images/mojave-insects-thumbnails/lasioglossum-sisymbrii-t.jpg	"Hymenoptera (Wasps, Bees and Ants)"	Halictidae (Sweat Bees)	Bee
Mydas ventralis	Mydas Fly	mydas-ventralis	images/mojave-insects/mydas-ventralis.jpg	mojave-insects/mydas-ventralis.html	images/mojave-insects-thumbnails/mydas-ventralis-t.jpg	Diptera (Flies)	Mydidae (Mydas Flies)	Fly
Pieris rapae	Cabbage White	pieris-rapae	images/mojave-insects/pieris-rapae.jpg	mojave-insects/pieris-rapae.html	images/mojave-insects-thumbnails/pieris-rapae-t.jpg	Lepidoptera (Butterflies and Moths)	Pieridae (Whites and Sulfers)	Butterfly
Pontia occidentalis	Western White	pontia-occidentalis	images/mojave-insects/pontia-occidentalis.jpg	mojave-insects/pontia-occidentalis.html	images/mojave-insects-thumbnails/pontia-occidentalis-t.jpg	Lepidoptera (Butterflies and Moths)	Pieridae (Whites and Sulfers)	Butterfly
Vanessa cardui	Painted Lady	vanessa-cardui	images/mojave-insects/vanessa-cardui.jpg	mojave-insects/vanessa-cardui.html	images/mojave-insects-thumbnails/vanessa-cardui-t.jpg	Lepidoptera (Butterflies and Moths)	Pieridae (Whites and Sulfers)	Butterfly
Xylocopa tabaniformis	Horsefly-like Carpenter Bee	xylocopa-tabaniformis	images/mojave-insects/xylocopa-tabaniformis.jpg	mojave-insects/xylocopa-tabaniformis.html	images/mojave-insects-thumbnails/xylocopa-tabaniformis-t.jpg	"Hymenoptera (Wasps, Bees and Ants)"	Apidae (Bees)	Bee
Libytheana carinenta	American Snout	libytheana-carinenta	images/mojave-insects/libytheana-carinenta.jpg	mojave-insects/libytheana-carinenta.html	images/mojave-insects-thumbnails/libytheana-carinenta-t.jpg	Lepidoptera (Butterflies and Moths)	Nymphalidae (Brush-footed Butterflies)	Butterfly
Eupeodes volucris	Large-tailed Aphideater	eupeodes-volucris	images/mojave-insects/eupeodes-volucris.jpg	mojave-insects/eupeodes-volucris.html	images/mojave-insects-thumbnails/eupeodes-volucris-t.jpg	Diptera (Flies)	Diptera (Hoverflies)	Fly
Gryllus lineaticeps	Variable Field Cricket	gryllus-lineaticeps	images/mojave-insects/gryllus-lineaticeps.jpg	mojave-insects/gryllus-lineaticeps.html	images/mojave-insects-thumbnails/gryllus-lineaticeps-t.jpg	"order: Orthoptera (Grasshoppers, Locusts, and Crickets)"	Gryllidae (Crickets)	Cricket
Lucilia sericata	Common Green Bottle Fly	lucilia-sericata	images/mojave-insects/lucilia-sericata.jpg	mojave-insects/lucilia-sericata.html	images/mojave-insects-thumbnails/lucilia-sericata-t.jpg	Diptera (Flies)	Calliphoridae (Blowflies)	Fly
Myrmecocystus mexicanus	Mexican Honeypot Ant	myrmecocystus-mexicanus	images/mojave-insects/myrmecocystus-mexicanus.jpg	mojave-insects/myrmecocystus-mexicanus.html	images/mojave-insects-thumbnails/myrmecocystus-mexicanus-t.jpg	"Hymenoptera (Wasps, Bees and Ants)"	Formicidae (Ants)	Ant
Pantala hymenaea	Spot-winged Glider	pantala-hymenaea	images/mojave-insects/pantala-hymenaea.jpg	mojave-insects/pantala-hymenaea.html	images/mojave-insects-thumbnails/pantala-hymenaea-t.jpg	Odonata (Dragonflies and Damselflies)	"Libellulidae (Chasers, Darters, Skimmers)"	Dragonfly
Polistes apachus	Apache Wasp	polistes-apachus	images/mojave-insects/polistes-apachus.jpg	mojave-insects/polistes-apachus.html	images/mojave-insects-thumbnails/polistes-apachus-t.jpg	"Hymenoptera (Wasps, Bees, Ants)"	Vespidae (Eusocial Wasps)	Wasp
Vanessa annabella	West Coast Lady	vanessa-annabella	images/mojave-insects/vanessa-annabella.jpg	mojave-insects/vanessa-annabella.html	images/mojave-insects-thumbnails/vanessa-annabella-t.jpg	Lepidoptera (Butterflies and Moths)	Nymphalidae (Brush-footed Butterflies)	Butterfly
Trimerotropis pallidipennis	Pallid-winged Grasshopper	trimerotropis-pallidipennis	images/mojave-insects/trimerotropis-pallidipennis.jpg	mojave-insects/trimerotropis-pallidipennis.html	images/mojave-insects-thumbnails/trimerotropis-pallidipennis-t.jpg	"Orthoptera (Grasshoppers, Locusts, and Crickets)"	Acrididae (Grasshoppers)	Grasshopper
Argia funebris	Springwater Dancer	argia-funebris	images/mojave-insects/argia-funebris.jpg	mojave-insects/argia-funebris.html	images/mojave-insects-thumbnails/argia-funebris-t.jpg	Odonata (Damselflies and Dragonflies)	Coenagrionidae (Damselflies)	Damselfly
Argia moesta	Powdered Dancer	argia-moesta	images/mojave-insects/argia-moesta.jpg	mojave-insects/argia-moesta.html	images/mojave-insects-thumbnails/argia-moesta-t.jpg	Odonata (Damselflies and Dragonflies)	Coenagrionidae (Damselflies)	Damselfly
Ischnura ramburii	Rambur's forktail	ischnura-ramburii	images/mojave-insects/ischnura-ramburii.jpg	mojave-insects/ischnura-ramburii.html	images/mojave-insects-thumbnails/ischnura-ramburii-t.jpg	Odonata (Damselflies and Dragonflies)	Coenagrionidae (Damselflies)	Damselfly
Rhionaeschna multicolor	Blue-eyed Darner	rhionaeschna-multicolor	images/mojave-insects/rhionaeschna-multicolor.jpg	mojave-insects/rhionaeschna-multicolor.html	images/mojave-insects-thumbnails/rhionaeschna-multicolor-t.jpg	Odonata (Damselflies and Dragonflies)	"Aeshnidae (Aeshnids, Hawkers, or Darners)"	Dragonfly
Sphex lucae	Thread-waisted Wasp	sphex-lucae	images/mojave-insects/sphex-lucae.jpg	mojave-insects/sphex-lucae.html	images/mojave-insects-thumbnails/sphex-lucae-t.jpg	"Hymenoptera (Wasps, Bees and Ants)"	Sphecidae (Wasps)	Wasp